Algorithm	N	Threshold	TR	Filter	Percentage
BayesTyper	210	0	0.47619047619047616	Quality	1
GGTyper	380	0	0.5105263157894737	Quality	1
Paragraph(Graph)	386	0	0.4896373056994819	Quality	1
Paragraph(VCF)	386	0	0.5	Quality	1
BayesTyper	210	2	0.47619047619047616	Quality	1
GGTyper	380	2	0.5105263157894737	Quality	1
Paragraph(Graph)	385	2	0.4883116883116883	Quality	0.9974093264248705
Paragraph(VCF)	385	2	0.5012987012987012	Quality	0.9974093264248705
BayesTyper	191	4	0.5026178010471204	Quality	0.9095238095238095
GGTyper	378	4	0.5079365079365079	Quality	0.9947368421052631
Paragraph(Graph)	384	4	0.4869791666666667	Quality	0.9948186528497409
Paragraph(VCF)	381	4	0.5013123359580053	Quality	0.9870466321243523
BayesTyper	179	6	0.5195530726256983	Quality	0.8523809523809524
GGTyper	377	6	0.506631299734748	Quality	0.9921052631578947
Paragraph(Graph)	383	6	0.48825065274151436	Quality	0.9922279792746114
Paragraph(VCF)	376	6	0.5	Quality	0.9740932642487047
BayesTyper	176	8	0.5227272727272727	Quality	0.8380952380952381
GGTyper	376	8	0.5079787234042553	Quality	0.9894736842105263
Paragraph(Graph)	381	8	0.49081364829396323	Quality	0.9870466321243523
Paragraph(VCF)	370	8	0.4945945945945946	Quality	0.9585492227979274
BayesTyper	171	10	0.5087719298245614	Quality	0.8142857142857143
GGTyper	376	10	0.5079787234042553	Quality	0.9894736842105263
Paragraph(Graph)	377	10	0.493368700265252	Quality	0.9766839378238342
Paragraph(VCF)	369	10	0.4932249322493225	Quality	0.9559585492227979
BayesTyper	169	12	0.5088757396449705	Quality	0.8047619047619048
GGTyper	376	12	0.5079787234042553	Quality	0.9894736842105263
Paragraph(Graph)	377	12	0.493368700265252	Quality	0.9766839378238342
Paragraph(VCF)	358	12	0.4888268156424581	Quality	0.927461139896373
BayesTyper	159	14	0.5031446540880503	Quality	0.7571428571428571
GGTyper	375	14	0.5066666666666667	Quality	0.9868421052631579
Paragraph(Graph)	375	14	0.496	Quality	0.9715025906735751
Paragraph(VCF)	339	14	0.4778761061946903	Quality	0.8782383419689119
BayesTyper	158	16	0.5	Quality	0.7523809523809524
GGTyper	375	16	0.5066666666666667	Quality	0.9868421052631579
Paragraph(Graph)	374	16	0.4946524064171123	Quality	0.9689119170984456
Paragraph(VCF)	326	16	0.4723926380368098	Quality	0.844559585492228
BayesTyper	157	18	0.4968152866242038	Quality	0.7476190476190476
GGTyper	373	18	0.5067024128686327	Quality	0.9815789473684211
Paragraph(Graph)	371	18	0.49326145552560646	Quality	0.961139896373057
Paragraph(VCF)	321	18	0.4672897196261682	Quality	0.8316062176165803
BayesTyper	157	20	0.4968152866242038	Quality	0.7476190476190476
GGTyper	373	20	0.5067024128686327	Quality	0.9815789473684211
Paragraph(Graph)	371	20	0.49326145552560646	Quality	0.961139896373057
Paragraph(VCF)	306	20	0.46405228758169936	Quality	0.7927461139896373
BayesTyper	156	22	0.4935897435897436	Quality	0.7428571428571429
GGTyper	373	22	0.5067024128686327	Quality	0.9815789473684211
Paragraph(Graph)	370	22	0.4918918918918919	Quality	0.9585492227979274
Paragraph(VCF)	294	22	0.45918367346938777	Quality	0.7616580310880829
BayesTyper	156	24	0.4935897435897436	Quality	0.7428571428571429
GGTyper	372	24	0.5053763440860215	Quality	0.9789473684210527
Paragraph(Graph)	369	24	0.4905149051490515	Quality	0.9559585492227979
Paragraph(VCF)	281	24	0.45195729537366547	Quality	0.727979274611399
BayesTyper	156	26	0.4935897435897436	Quality	0.7428571428571429
GGTyper	372	26	0.5053763440860215	Quality	0.9789473684210527
Paragraph(Graph)	368	26	0.4891304347826087	Quality	0.9533678756476683
Paragraph(VCF)	265	26	0.44528301886792454	Quality	0.6865284974093264
BayesTyper	156	28	0.4935897435897436	Quality	0.7428571428571429
GGTyper	372	28	0.5053763440860215	Quality	0.9789473684210527
Paragraph(Graph)	367	28	0.4904632152588556	Quality	0.9507772020725389
Paragraph(VCF)	256	28	0.4375	Quality	0.6632124352331606
BayesTyper	156	30	0.4935897435897436	Quality	0.7428571428571429
GGTyper	371	30	0.5067385444743935	Quality	0.9763157894736842
Paragraph(Graph)	363	30	0.48760330578512395	Quality	0.9404145077720207
Paragraph(VCF)	249	30	0.43775100401606426	Quality	0.6450777202072538
BayesTyper	156	32	0.4935897435897436	Quality	0.7428571428571429
GGTyper	371	32	0.5067385444743935	Quality	0.9763157894736842
Paragraph(Graph)	362	32	0.4889502762430939	Quality	0.9378238341968912
Paragraph(VCF)	233	32	0.4334763948497854	Quality	0.6036269430051814
BayesTyper	154	34	0.487012987012987	Quality	0.7333333333333333
GGTyper	371	34	0.5067385444743935	Quality	0.9763157894736842
Paragraph(Graph)	362	34	0.4889502762430939	Quality	0.9378238341968912
Paragraph(VCF)	218	34	0.44036697247706424	Quality	0.56476683937823835
BayesTyper	154	36	0.487012987012987	Quality	0.7333333333333333
GGTyper	370	36	0.5054054054054054	Quality	0.9736842105263158
Paragraph(Graph)	361	36	0.48753462603878117	Quality	0.93523316062176165
Paragraph(VCF)	205	36	0.44390243902439025	Quality	0.5310880829015544
BayesTyper	153	38	0.48366013071895425	Quality	0.7285714285714285
GGTyper	370	38	0.5054054054054054	Quality	0.9736842105263158
Paragraph(Graph)	360	38	0.4888888888888889	Quality	0.9326424870466321
Paragraph(VCF)	186	38	0.44623655913978494	Quality	0.48186528497409326
BayesTyper	153	40	0.48366013071895425	Quality	0.7285714285714285
GGTyper	369	40	0.5067750677506775	Quality	0.9710526315789474
Paragraph(Graph)	359	40	0.48746518105849584	Quality	0.9300518134715026
Paragraph(VCF)	170	40	0.4411764705882353	Quality	0.44041450777202074
BayesTyper	153	42	0.48366013071895425	Quality	0.7285714285714285
GGTyper	369	42	0.5067750677506775	Quality	0.9710526315789474
Paragraph(Graph)	357	42	0.48739495798319327	Quality	0.9248704663212435
Paragraph(VCF)	158	42	0.43037974683544306	Quality	0.40932642487046633
BayesTyper	153	44	0.48366013071895425	Quality	0.7285714285714285
GGTyper	368	44	0.5081521739130435	Quality	0.968421052631579
Paragraph(Graph)	353	44	0.48158640226628896	Quality	0.9145077720207254
Paragraph(VCF)	143	44	0.43356643356643354	Quality	0.3704663212435233
BayesTyper	153	46	0.48366013071895425	Quality	0.7285714285714285
GGTyper	367	46	0.5068119891008175	Quality	0.9657894736842105
Paragraph(Graph)	349	46	0.4785100286532951	Quality	0.9041450777202072
Paragraph(VCF)	134	46	0.43283582089552236	Quality	0.3471502590673575
BayesTyper	153	48	0.48366013071895425	Quality	0.7285714285714285
GGTyper	367	48	0.5068119891008175	Quality	0.9657894736842105
Paragraph(Graph)	343	48	0.47230320699708456	Quality	0.8886010362694301
Paragraph(VCF)	124	48	0.41935483870967744	Quality	0.32124352331606215
BayesTyper	153	50	0.48366013071895425	Quality	0.7285714285714285
GGTyper	365	50	0.5068493150684932	Quality	0.9605263157894737
Paragraph(Graph)	340	50	0.47058823529411764	Quality	0.8808290155440415
Paragraph(VCF)	112	50	0.4107142857142857	Quality	0.29015544041450775
BayesTyper	153	52	0.48366013071895425	Quality	0.7285714285714285
GGTyper	365	52	0.5068493150684932	Quality	0.9605263157894737
Paragraph(Graph)	335	52	0.46865671641791046	Quality	0.8678756476683938
Paragraph(VCF)	101	52	0.4158415841584158	Quality	0.2616580310880829
BayesTyper	153	54	0.48366013071895425	Quality	0.7285714285714285
GGTyper	365	54	0.5068493150684932	Quality	0.9605263157894737
Paragraph(Graph)	332	54	0.46686746987951805	Quality	0.8601036269430051
Paragraph(VCF)	94	54	0.3829787234042553	Quality	0.24352331606217617
BayesTyper	153	56	0.48366013071895425	Quality	0.7285714285714285
GGTyper	364	56	0.5054945054945055	Quality	0.9578947368421052
Paragraph(Graph)	330	56	0.4666666666666667	Quality	0.8549222797927462
Paragraph(VCF)	81	56	0.38271604938271603	Quality	0.20984455958549222
BayesTyper	153	58	0.48366013071895425	Quality	0.7285714285714285
GGTyper	363	58	0.5068870523415978	Quality	0.9552631578947368
Paragraph(Graph)	328	58	0.46646341463414637	Quality	0.8497409326424871
Paragraph(VCF)	75	58	0.38666666666666666	Quality	0.19430051813471502
BayesTyper	153	60	0.48366013071895425	Quality	0.7285714285714285
GGTyper	363	60	0.5068870523415978	Quality	0.9552631578947368
Paragraph(Graph)	326	60	0.46932515337423314	Quality	0.844559585492228
Paragraph(VCF)	68	60	0.38235294117647056	Quality	0.17616580310880828
BayesTyper	153	62	0.48366013071895425	Quality	0.7285714285714285
GGTyper	363	62	0.5068870523415978	Quality	0.9552631578947368
Paragraph(Graph)	320	62	0.46875	Quality	0.8290155440414507
Paragraph(VCF)	58	62	0.3620689655172414	Quality	0.15025906735751296
BayesTyper	153	64	0.48366013071895425	Quality	0.7285714285714285
GGTyper	363	64	0.5068870523415978	Quality	0.9552631578947368
Paragraph(Graph)	315	64	0.4666666666666667	Quality	0.8160621761658031
Paragraph(VCF)	45	64	0.3111111111111111	Quality	0.11658031088082901
BayesTyper	153	66	0.48366013071895425	Quality	0.7285714285714285
GGTyper	361	66	0.5096952908587258	Quality	0.95
Paragraph(Graph)	312	66	0.46474358974358976	Quality	0.8082901554404145
Paragraph(VCF)	41	66	0.2682926829268293	Quality	0.10621761658031088
BayesTyper	153	68	0.48366013071895425	Quality	0.7285714285714285
GGTyper	361	68	0.5096952908587258	Quality	0.95
Paragraph(Graph)	308	68	0.4642857142857143	Quality	0.7979274611398963
Paragraph(VCF)	32	68	0.21875	Quality	0.08290155440414508
BayesTyper	153	70	0.48366013071895425	Quality	0.7285714285714285
GGTyper	360	70	0.5111111111111111	Quality	0.9473684210526315
Paragraph(Graph)	303	70	0.45874587458745875	Quality	0.7849740932642487
Paragraph(VCF)	28	70	0.21428571428571427	Quality	0.07253886010362694
BayesTyper	153	72	0.48366013071895425	Quality	0.7285714285714285
GGTyper	360	72	0.5111111111111111	Quality	0.9473684210526315
Paragraph(Graph)	302	72	0.4602649006622517	Quality	0.7823834196891192
Paragraph(VCF)	26	72	0.23076923076923078	Quality	0.06735751295336788
BayesTyper	153	74	0.48366013071895425	Quality	0.7285714285714285
GGTyper	359	74	0.5125348189415042	Quality	0.9447368421052632
Paragraph(Graph)	301	74	0.4584717607973422	Quality	0.7797927461139896
Paragraph(VCF)	18	74	0.16666666666666666	Quality	0.046632124352331605
BayesTyper	153	76	0.48366013071895425	Quality	0.7285714285714285
GGTyper	359	76	0.5125348189415042	Quality	0.9447368421052632
Paragraph(Graph)	298	76	0.4563758389261745	Quality	0.772020725388601
Paragraph(VCF)	13	76	0.23076923076923078	Quality	0.03367875647668394
BayesTyper	153	78	0.48366013071895425	Quality	0.7285714285714285
GGTyper	357	78	0.5126050420168067	Quality	0.9394736842105263
Paragraph(Graph)	293	78	0.4539249146757679	Quality	0.7590673575129534
Paragraph(VCF)	12	78	0.25	Quality	0.031088082901554404
BayesTyper	153	80	0.48366013071895425	Quality	0.7285714285714285
GGTyper	357	80	0.5126050420168067	Quality	0.9394736842105263
Paragraph(Graph)	290	80	0.4586206896551724	Quality	0.7512953367875648
Paragraph(VCF)	10	80	0.2	Quality	0.025906735751295335
BayesTyper	153	82	0.48366013071895425	Quality	0.7285714285714285
GGTyper	355	82	0.5126760563380282	Quality	0.9342105263157895
Paragraph(Graph)	284	82	0.45422535211267606	Quality	0.7357512953367875
Paragraph(VCF)	9	82	0.2222222222222222	Quality	0.023316062176165803
BayesTyper	153	84	0.48366013071895425	Quality	0.7285714285714285
GGTyper	352	84	0.5113636363636364	Quality	0.9263157894736842
Paragraph(Graph)	280	84	0.45357142857142857	Quality	0.7253886010362695
Paragraph(VCF)	8	84	0.125	Quality	0.02072538860103627
BayesTyper	153	86	0.48366013071895425	Quality	0.7285714285714285
GGTyper	348	86	0.514367816091954	Quality	0.9157894736842105
Paragraph(Graph)	275	86	0.44727272727272727	Quality	0.7124352331606217
Paragraph(VCF)	6	86	0.16666666666666666	Quality	0.015544041450777202
BayesTyper	153	88	0.48366013071895425	Quality	0.7285714285714285
GGTyper	346	88	0.5173410404624278	Quality	0.9105263157894737
Paragraph(Graph)	271	88	0.44649446494464945	Quality	0.7020725388601037
Paragraph(VCF)	5	88	0.2	Quality	0.012953367875647668
BayesTyper	153	90	0.48366013071895425	Quality	0.7285714285714285
GGTyper	345	90	0.5159420289855072	Quality	0.9078947368421053
Paragraph(Graph)	265	90	0.4377358490566038	Quality	0.6865284974093264
Paragraph(VCF)	4	90	0.25	Quality	0.010362694300518135
BayesTyper	153	92	0.48366013071895425	Quality	0.7285714285714285
GGTyper	344	92	0.5174418604651163	Quality	0.9052631578947369
Paragraph(Graph)	258	92	0.43410852713178294	Quality	0.6683937823834197
Paragraph(VCF)	2	92	0	Quality	0.0051813471502590676
BayesTyper	153	94	0.48366013071895425	Quality	0.7285714285714285
GGTyper	340	94	0.5235294117647059	Quality	0.8947368421052632
Paragraph(Graph)	256	94	0.43359375	Quality	0.6632124352331606
BayesTyper	153	96	0.48366013071895425	Quality	0.7285714285714285
GGTyper	337	96	0.5281899109792285	Quality	0.8868421052631579
Paragraph(Graph)	252	96	0.42857142857142855	Quality	0.6528497409326425
BayesTyper	153	98	0.48366013071895425	Quality	0.7285714285714285
GGTyper	334	98	0.5269461077844312	Quality	0.8789473684210526
Paragraph(Graph)	246	98	0.4268292682926829	Quality	0.6373056994818653
GGTyper	334	100	0.5269461077844312	Quality	0.8789473684210526
Paragraph(Graph)	242	100	0.4256198347107438	Quality	0.6269430051813472
GGTyper	331	102	0.5287009063444109	Quality	0.8710526315789474
Paragraph(Graph)	241	102	0.42738589211618255	Quality	0.6243523316062176
GGTyper	327	104	0.5259938837920489	Quality	0.8605263157894737
Paragraph(Graph)	240	104	0.425	Quality	0.6217616580310881
GGTyper	325	106	0.5261538461538462	Quality	0.8552631578947368
Paragraph(Graph)	232	106	0.4267241379310345	Quality	0.6010362694300518
GGTyper	324	108	0.5246913580246914	Quality	0.8526315789473684
Paragraph(Graph)	224	108	0.42410714285714285	Quality	0.5803108808290155
GGTyper	320	110	0.51875	Quality	0.8421052631578947
Paragraph(Graph)	219	110	0.410958904109589	Quality	0.5673575129533679
GGTyper	315	112	0.5174603174603175	Quality	0.8289473684210527
Paragraph(Graph)	207	112	0.42028985507246375	Quality	0.5362694300518135
GGTyper	313	114	0.5175718849840255	Quality	0.8236842105263158
Paragraph(Graph)	198	114	0.42424242424242425	Quality	0.5129533678756477
GGTyper	309	116	0.5145631067961165	Quality	0.8131578947368421
Paragraph(Graph)	188	116	0.4148936170212766	Quality	0.48704663212435234
GGTyper	309	118	0.5145631067961165	Quality	0.8131578947368421
Paragraph(Graph)	177	118	0.4180790960451977	Quality	0.4585492227979275
GGTyper	309	120	0.5145631067961165	Quality	0.8131578947368421
Paragraph(Graph)	167	120	0.41916167664670656	Quality	0.4326424870466321
GGTyper	307	122	0.5146579804560261	Quality	0.8078947368421052
Paragraph(Graph)	165	122	0.41818181818181815	Quality	0.4274611398963731
GGTyper	305	124	0.5147540983606558	Quality	0.8026315789473685
Paragraph(Graph)	158	124	0.4240506329113924	Quality	0.40932642487046633
GGTyper	300	126	0.52	Quality	0.7894736842105263
Paragraph(Graph)	146	126	0.4246575342465753	Quality	0.37823834196891193
GGTyper	297	128	0.5252525252525253	Quality	0.781578947368421
Paragraph(Graph)	139	128	0.4028776978417266	Quality	0.3601036269430052
GGTyper	293	130	0.5290102389078498	Quality	0.7710526315789473
Paragraph(Graph)	135	130	0.3925925925925926	Quality	0.34974093264248707
GGTyper	290	132	0.5275862068965518	Quality	0.7631578947368421
Paragraph(Graph)	131	132	0.3969465648854962	Quality	0.3393782383419689
GGTyper	286	134	0.527972027972028	Quality	0.7526315789473684
Paragraph(Graph)	123	134	0.4146341463414634	Quality	0.31865284974093266
GGTyper	282	136	0.5319148936170213	Quality	0.7421052631578947
Paragraph(Graph)	118	136	0.4067796610169492	Quality	0.30569948186528495
GGTyper	281	138	0.5338078291814946	Quality	0.7394736842105263
Paragraph(Graph)	106	138	0.37735849056603776	Quality	0.27461139896373055
GGTyper	274	140	0.5328467153284672	Quality	0.7210526315789474
Paragraph(Graph)	95	140	0.3684210526315789	Quality	0.24611398963730569
GGTyper	271	142	0.5276752767527675	Quality	0.7131578947368421
Paragraph(Graph)	88	142	0.36363636363636365	Quality	0.22797927461139897
GGTyper	268	144	0.5298507462686567	Quality	0.7052631578947368
Paragraph(Graph)	76	144	0.34210526315789475	Quality	0.19689119170984457
GGTyper	262	146	0.5343511450381679	Quality	0.6894736842105263
Paragraph(Graph)	74	146	0.35135135135135137	Quality	0.19170984455958548
GGTyper	259	148	0.5366795366795367	Quality	0.6815789473684211
Paragraph(Graph)	66	148	0.3484848484848485	Quality	0.17098445595854922
GGTyper	254	150	0.5275590551181102	Quality	0.6684210526315789
Paragraph(Graph)	62	150	0.3387096774193548	Quality	0.16062176165803108
GGTyper	251	152	0.5219123505976095	Quality	0.6605263157894737
Paragraph(Graph)	60	152	0.31666666666666665	Quality	0.15544041450777202
GGTyper	249	154	0.5220883534136547	Quality	0.6552631578947369
Paragraph(Graph)	54	154	0.3148148148148148	Quality	0.13989637305699482
GGTyper	247	156	0.5263157894736842	Quality	0.65
Paragraph(Graph)	48	156	0.3333333333333333	Quality	0.12435233160621761
GGTyper	244	158	0.5286885245901639	Quality	0.6421052631578947
Paragraph(Graph)	47	158	0.3191489361702128	Quality	0.12176165803108809
GGTyper	240	160	0.525	Quality	0.631578947368421
Paragraph(Graph)	46	160	0.30434782608695654	Quality	0.11917098445595854
GGTyper	238	162	0.5210084033613446	Quality	0.6263157894736842
Paragraph(Graph)	42	162	0.30952380952380953	Quality	0.10880829015544041
GGTyper	233	164	0.5236051502145923	Quality	0.6131578947368421
Paragraph(Graph)	41	164	0.3170731707317073	Quality	0.10621761658031088
GGTyper	233	166	0.5236051502145923	Quality	0.6131578947368421
Paragraph(Graph)	41	166	0.3170731707317073	Quality	0.10621761658031088
GGTyper	231	168	0.5238095238095238	Quality	0.6078947368421053
Paragraph(Graph)	35	168	0.2571428571428571	Quality	0.09067357512953368
GGTyper	228	170	0.5219298245614035	Quality	0.6
Paragraph(Graph)	34	170	0.23529411764705882	Quality	0.08808290155440414
GGTyper	225	172	0.52	Quality	0.5921052631578947
Paragraph(Graph)	32	172	0.25	Quality	0.08290155440414508
GGTyper	221	174	0.5203619909502263	Quality	0.5815789473684211
Paragraph(Graph)	28	174	0.25	Quality	0.07253886010362694
GGTyper	220	176	0.5181818181818182	Quality	0.5789473684210527
Paragraph(Graph)	23	176	0.21739130434782608	Quality	0.05958549222797927
GGTyper	213	178	0.5305164319248826	Quality	0.5605263157894737
Paragraph(Graph)	23	178	0.21739130434782608	Quality	0.05958549222797927
GGTyper	207	180	0.5265700483091788	Quality	0.5447368421052632
Paragraph(Graph)	22	180	0.18181818181818182	Quality	0.05699481865284974
GGTyper	203	182	0.5221674876847291	Quality	0.5342105263157895
Paragraph(Graph)	16	182	0.125	Quality	0.04145077720207254
GGTyper	198	184	0.5303030303030303	Quality	0.5210526315789473
Paragraph(Graph)	16	184	0.125	Quality	0.04145077720207254
GGTyper	197	186	0.5279187817258884	Quality	0.5184210526315789
Paragraph(Graph)	16	186	0.125	Quality	0.04145077720207254
GGTyper	192	188	0.53125	Quality	0.5052631578947369
Paragraph(Graph)	15	188	0.13333333333333333	Quality	0.038860103626943004
GGTyper	190	190	0.531578947368421	Quality	0.5
Paragraph(Graph)	12	190	0.16666666666666666	Quality	0.031088082901554404
GGTyper	190	192	0.531578947368421	Quality	0.5
Paragraph(Graph)	10	192	0.1	Quality	0.025906735751295335
GGTyper	188	194	0.5372340425531915	Quality	0.49473684210526314
Paragraph(Graph)	10	194	0.1	Quality	0.025906735751295335
GGTyper	185	196	0.5405405405405406	Quality	0.4868421052631579
Paragraph(Graph)	9	196	0.1111111111111111	Quality	0.023316062176165803
GGTyper	180	198	0.55	Quality	0.47368421052631576
Paragraph(Graph)	9	198	0.1111111111111111	Quality	0.023316062176165803
GGTyper	176	200	0.5568181818181818	Quality	0.4631578947368421
Paragraph(Graph)	7	200	0.14285714285714285	Quality	0.018134715025906734
GGTyper	173	202	0.5606936416184971	Quality	0.45526315789473687
Paragraph(Graph)	5	202	0.2	Quality	0.012953367875647668
GGTyper	170	204	0.5588235294117647	Quality	0.4473684210526316
Paragraph(Graph)	5	204	0.2	Quality	0.012953367875647668
GGTyper	163	206	0.5644171779141104	Quality	0.42894736842105263
Paragraph(Graph)	5	206	0.2	Quality	0.012953367875647668
GGTyper	161	208	0.5714285714285714	Quality	0.4236842105263158
Paragraph(Graph)	4	208	0	Quality	0.010362694300518135
GGTyper	158	210	0.569620253164557	Quality	0.41578947368421054
Paragraph(Graph)	3	210	0	Quality	0.007772020725388601
GGTyper	156	212	0.5705128205128205	Quality	0.4105263157894737
Paragraph(Graph)	3	212	0	Quality	0.007772020725388601
GGTyper	155	214	0.567741935483871	Quality	0.40789473684210525
Paragraph(Graph)	3	214	0	Quality	0.007772020725388601
GGTyper	150	216	0.5733333333333334	Quality	0.39473684210526316
Paragraph(Graph)	2	216	0	Quality	0.0051813471502590676
GGTyper	147	218	0.5782312925170068	Quality	0.3868421052631579
Paragraph(Graph)	2	218	0	Quality	0.0051813471502590676
GGTyper	144	220	0.5833333333333334	Quality	0.37894736842105264
Paragraph(Graph)	2	220	0	Quality	0.0051813471502590676
GGTyper	140	222	0.5857142857142857	Quality	0.3684210526315789
Paragraph(Graph)	2	222	0	Quality	0.0051813471502590676
GGTyper	140	224	0.5857142857142857	Quality	0.3684210526315789
Paragraph(Graph)	2	224	0	Quality	0.0051813471502590676
GGTyper	137	226	0.583941605839416	Quality	0.3605263157894737
Paragraph(Graph)	2	226	0	Quality	0.0051813471502590676
GGTyper	136	228	0.5882352941176471	Quality	0.35789473684210527
Paragraph(Graph)	2	228	0	Quality	0.0051813471502590676
GGTyper	130	230	0.5923076923076923	Quality	0.34210526315789475
Paragraph(Graph)	2	230	0	Quality	0.0051813471502590676
GGTyper	127	232	0.6062992125984252	Quality	0.33421052631578946
Paragraph(Graph)	1	232	0	Quality	0.0025906735751295338
GGTyper	125	234	0.6	Quality	0.32894736842105265
Paragraph(Graph)	1	234	0	Quality	0.0025906735751295338
GGTyper	125	236	0.6	Quality	0.32894736842105265
Paragraph(Graph)	1	236	0	Quality	0.0025906735751295338
GGTyper	120	238	0.6083333333333333	Quality	0.3157894736842105
Paragraph(Graph)	1	238	0	Quality	0.0025906735751295338
GGTyper	117	240	0.5982905982905983	Quality	0.3078947368421053
Paragraph(Graph)	1	240	0	Quality	0.0025906735751295338
GGTyper	115	242	0.591304347826087	Quality	0.3026315789473684
Paragraph(Graph)	1	242	0	Quality	0.0025906735751295338
GGTyper	113	244	0.584070796460177	Quality	0.29736842105263156
Paragraph(Graph)	1	244	0	Quality	0.0025906735751295338
GGTyper	112	246	0.5803571428571429	Quality	0.29473684210526313
Paragraph(Graph)	1	246	0	Quality	0.0025906735751295338
GGTyper	109	248	0.5871559633027523	Quality	0.2868421052631579
Paragraph(Graph)	1	248	0	Quality	0.0025906735751295338
GGTyper	104	250	0.6153846153846154	Quality	0.2736842105263158
Paragraph(Graph)	1	250	0	Quality	0.0025906735751295338
GGTyper	96	252	0.6354166666666666	Quality	0.25263157894736843
GGTyper	93	254	0.6344086021505376	Quality	0.24473684210526317
GGTyper	90	256	0.6333333333333333	Quality	0.23684210526315788
GGTyper	88	258	0.6363636363636364	Quality	0.23157894736842105
GGTyper	83	260	0.6626506024096386	Quality	0.21842105263157896
GGTyper	81	262	0.6790123456790124	Quality	0.2131578947368421
GGTyper	79	264	0.6835443037974683	Quality	0.20789473684210527
GGTyper	78	266	0.6794871794871795	Quality	0.20526315789473684
GGTyper	78	268	0.6794871794871795	Quality	0.20526315789473684
GGTyper	78	270	0.6794871794871795	Quality	0.20526315789473684
GGTyper	75	272	0.6933333333333334	Quality	0.19736842105263158
GGTyper	72	274	0.6805555555555556	Quality	0.18947368421052632
GGTyper	68	276	0.6911764705882353	Quality	0.17894736842105263
GGTyper	65	278	0.6923076923076923	Quality	0.17105263157894737
GGTyper	65	280	0.6923076923076923	Quality	0.17105263157894737
GGTyper	64	282	0.703125	Quality	0.16842105263157894
GGTyper	64	284	0.703125	Quality	0.16842105263157894
GGTyper	63	286	0.7142857142857143	Quality	0.16578947368421051
GGTyper	60	288	0.7166666666666667	Quality	0.15789473684210525
GGTyper	60	290	0.7166666666666667	Quality	0.15789473684210525
GGTyper	60	292	0.7166666666666667	Quality	0.15789473684210525
GGTyper	58	294	0.7241379310344828	Quality	0.15263157894736842
GGTyper	55	296	0.7090909090909091	Quality	0.14473684210526316
GGTyper	54	298	0.7037037037037037	Quality	0.14210526315789473
GGTyper	52	300	0.6923076923076923	Quality	0.1368421052631579
GGTyper	51	302	0.6862745098039216	Quality	0.13421052631578947
GGTyper	51	304	0.6862745098039216	Quality	0.13421052631578947
GGTyper	47	306	0.6595744680851063	Quality	0.12368421052631579
GGTyper	43	308	0.6511627906976745	Quality	0.11315789473684211
GGTyper	41	310	0.6341463414634146	Quality	0.10789473684210527
GGTyper	40	312	0.625	Quality	0.10526315789473684
GGTyper	39	314	0.6153846153846154	Quality	0.10263157894736842
GGTyper	37	316	0.6486486486486487	Quality	0.09736842105263158
GGTyper	36	318	0.6666666666666666	Quality	0.09473684210526316
GGTyper	35	320	0.6571428571428571	Quality	0.09210526315789473
GGTyper	32	322	0.65625	Quality	0.08421052631578947
GGTyper	30	324	0.6666666666666666	Quality	0.07894736842105263
GGTyper	26	326	0.7307692307692307	Quality	0.06842105263157895
GGTyper	22	328	0.8181818181818182	Quality	0.05789473684210526
GGTyper	21	330	0.8095238095238095	Quality	0.05526315789473684
GGTyper	21	332	0.8095238095238095	Quality	0.05526315789473684
GGTyper	20	334	0.85	Quality	0.05263157894736842
GGTyper	18	336	0.8333333333333334	Quality	0.04736842105263158
GGTyper	15	338	0.9333333333333333	Quality	0.039473684210526314
GGTyper	14	340	1	Quality	0.03684210526315789
GGTyper	14	342	1	Quality	0.03684210526315789
GGTyper	12	344	1	Quality	0.031578947368421054
GGTyper	12	346	1	Quality	0.031578947368421054
GGTyper	11	348	1	Quality	0.02894736842105263
GGTyper	10	350	1	Quality	0.02631578947368421
GGTyper	10	352	1	Quality	0.02631578947368421
GGTyper	10	354	1	Quality	0.02631578947368421
GGTyper	9	356	1	Quality	0.02368421052631579
GGTyper	9	358	1	Quality	0.02368421052631579
GGTyper	9	360	1	Quality	0.02368421052631579
GGTyper	9	362	1	Quality	0.02368421052631579
GGTyper	8	364	1	Quality	0.021052631578947368
GGTyper	8	366	1	Quality	0.021052631578947368
GGTyper	8	368	1	Quality	0.021052631578947368
GGTyper	7	370	1	Quality	0.018421052631578946
GGTyper	7	372	1	Quality	0.018421052631578946
GGTyper	7	374	1	Quality	0.018421052631578946
GGTyper	6	376	1	Quality	0.015789473684210527
GGTyper	6	378	1	Quality	0.015789473684210527
GGTyper	6	380	1	Quality	0.015789473684210527
GGTyper	5	382	1	Quality	0.013157894736842105
GGTyper	5	384	1	Quality	0.013157894736842105
GGTyper	5	386	1	Quality	0.013157894736842105
GGTyper	5	388	1	Quality	0.013157894736842105
GGTyper	5	390	1	Quality	0.013157894736842105
GGTyper	5	392	1	Quality	0.013157894736842105
GGTyper	5	394	1	Quality	0.013157894736842105
GGTyper	5	396	1	Quality	0.013157894736842105
GGTyper	4	398	1	Quality	0.010526315789473684
GGTyper	4	400	1	Quality	0.010526315789473684
GGTyper	4	402	1	Quality	0.010526315789473684
GGTyper	4	404	1	Quality	0.010526315789473684
GGTyper	4	406	1	Quality	0.010526315789473684
GGTyper	3	408	1	Quality	0.007894736842105263
GGTyper	3	410	1	Quality	0.007894736842105263
GGTyper	3	412	1	Quality	0.007894736842105263
GGTyper	3	414	1	Quality	0.007894736842105263
GGTyper	3	416	1	Quality	0.007894736842105263
GGTyper	3	418	1	Quality	0.007894736842105263
GGTyper	3	420	1	Quality	0.007894736842105263
GGTyper	3	422	1	Quality	0.007894736842105263
GGTyper	3	424	1	Quality	0.007894736842105263
GGTyper	3	426	1	Quality	0.007894736842105263
GGTyper	3	428	1	Quality	0.007894736842105263
GGTyper	3	430	1	Quality	0.007894736842105263
GGTyper	3	432	1	Quality	0.007894736842105263
GGTyper	3	434	1	Quality	0.007894736842105263
GGTyper	3	436	1	Quality	0.007894736842105263
GGTyper	3	438	1	Quality	0.007894736842105263
GGTyper	3	440	1	Quality	0.007894736842105263
GGTyper	3	442	1	Quality	0.007894736842105263
GGTyper	3	444	1	Quality	0.007894736842105263
GGTyper	3	446	1	Quality	0.007894736842105263
GGTyper	3	448	1	Quality	0.007894736842105263
GGTyper	3	450	1	Quality	0.007894736842105263
GGTyper	3	452	1	Quality	0.007894736842105263
GGTyper	3	454	1	Quality	0.007894736842105263
GGTyper	2	456	1	Quality	0.005263157894736842
GGTyper	2	458	1	Quality	0.005263157894736842
GGTyper	2	460	1	Quality	0.005263157894736842
GGTyper	2	462	1	Quality	0.005263157894736842
GGTyper	1	464	1	Quality	0.002631578947368421
GGTyper	1	466	1	Quality	0.002631578947368421
GGTyper	1	468	1	Quality	0.002631578947368421
GGTyper	1	470	1	Quality	0.002631578947368421
GGTyper	1	472	1	Quality	0.002631578947368421
GGTyper	1	474	1	Quality	0.002631578947368421
GGTyper	1	476	1	Quality	0.002631578947368421
GGTyper	1	478	1	Quality	0.002631578947368421
GGTyper	1	480	1	Quality	0.002631578947368421
GGTyper	1	482	1	Quality	0.002631578947368421
GGTyper	1	484	1	Quality	0.002631578947368421
GGTyper	1	486	1	Quality	0.002631578947368421
GGTyper	1	488	1	Quality	0.002631578947368421
GGTyper	1	490	1	Quality	0.002631578947368421
GGTyper	1	492	1	Quality	0.002631578947368421
GGTyper	1	494	1	Quality	0.002631578947368421
GGTyper	1	496	1	Quality	0.002631578947368421
GGTyper	1	498	1	Quality	0.002631578947368421
GGTyper	1	500	1	Quality	0.002631578947368421
GGTyper	1	502	1	Quality	0.002631578947368421
GGTyper	1	504	1	Quality	0.002631578947368421
GGTyper	1	506	1	Quality	0.002631578947368421
GGTyper	1	508	1	Quality	0.002631578947368421
GGTyper	1	510	1	Quality	0.002631578947368421
GGTyper	1	512	1	Quality	0.002631578947368421
GGTyper	1	514	1	Quality	0.002631578947368421
GGTyper	1	516	1	Quality	0.002631578947368421
GGTyper	1	518	1	Quality	0.002631578947368421
GGTyper	1	520	1	Quality	0.002631578947368421
GGTyper	1	522	1	Quality	0.002631578947368421
GGTyper	1	524	1	Quality	0.002631578947368421
GGTyper	1	526	1	Quality	0.002631578947368421
GGTyper	1	528	1	Quality	0.002631578947368421
GGTyper	1	530	1	Quality	0.002631578947368421
GGTyper	1	532	1	Quality	0.002631578947368421
GGTyper	1	534	1	Quality	0.002631578947368421
GGTyper	1	536	1	Quality	0.002631578947368421
GGTyper	1	538	1	Quality	0.002631578947368421
GGTyper	1	540	1	Quality	0.002631578947368421
GGTyper	1	542	1	Quality	0.002631578947368421
GGTyper	1	544	1	Quality	0.002631578947368421
GGTyper	1	546	1	Quality	0.002631578947368421
GGTyper	1	548	1	Quality	0.002631578947368421
GGTyper	1	550	1	Quality	0.002631578947368421
GGTyper	1	552	1	Quality	0.002631578947368421
GGTyper	1	554	1	Quality	0.002631578947368421
GGTyper	1	556	1	Quality	0.002631578947368421
GGTyper	1	558	1	Quality	0.002631578947368421
GGTyper	1	560	1	Quality	0.002631578947368421
GGTyper	1	562	1	Quality	0.002631578947368421
GGTyper	1	564	1	Quality	0.002631578947368421
GGTyper	1	566	1	Quality	0.002631578947368421
GGTyper	1	568	1	Quality	0.002631578947368421
GGTyper	1	570	1	Quality	0.002631578947368421
GGTyper	1	572	1	Quality	0.002631578947368421
GGTyper	1	574	1	Quality	0.002631578947368421
GGTyper	1	576	1	Quality	0.002631578947368421
GGTyper	1	578	1	Quality	0.002631578947368421
GGTyper	1	580	1	Quality	0.002631578947368421
GGTyper	1	582	1	Quality	0.002631578947368421
GGTyper	1	584	1	Quality	0.002631578947368421
GGTyper	1	586	1	Quality	0.002631578947368421
GGTyper	1	588	1	Quality	0.002631578947368421
GGTyper	1	590	1	Quality	0.002631578947368421
GGTyper	1	592	1	Quality	0.002631578947368421
GGTyper	1	594	1	Quality	0.002631578947368421
GGTyper	1	596	1	Quality	0.002631578947368421
GGTyper	1	598	1	Quality	0.002631578947368421
GGTyper	1	600	1	Quality	0.002631578947368421
GGTyper	1	602	1	Quality	0.002631578947368421
GGTyper	1	604	1	Quality	0.002631578947368421
GGTyper	1	606	1	Quality	0.002631578947368421
GGTyper	1	608	1	Quality	0.002631578947368421
GGTyper	1	610	1	Quality	0.002631578947368421
GGTyper	1	612	1	Quality	0.002631578947368421
GGTyper	1	614	1	Quality	0.002631578947368421
GGTyper	1	616	1	Quality	0.002631578947368421
GGTyper	1	618	1	Quality	0.002631578947368421
GGTyper	1	620	1	Quality	0.002631578947368421
GGTyper	1	622	1	Quality	0.002631578947368421
GGTyper	1	624	1	Quality	0.002631578947368421
GGTyper	1	626	1	Quality	0.002631578947368421
GGTyper	1	628	1	Quality	0.002631578947368421
GGTyper	1	630	1	Quality	0.002631578947368421
GGTyper	1	632	1	Quality	0.002631578947368421
GGTyper	1	634	1	Quality	0.002631578947368421
GGTyper	1	636	1	Quality	0.002631578947368421
GGTyper	1	638	1	Quality	0.002631578947368421
GGTyper	1	640	1	Quality	0.002631578947368421
GGTyper	1	642	1	Quality	0.002631578947368421
GGTyper	1	644	1	Quality	0.002631578947368421
GGTyper	1	646	1	Quality	0.002631578947368421
GGTyper	1	648	1	Quality	0.002631578947368421
GGTyper	1	650	1	Quality	0.002631578947368421
GGTyper	1	652	1	Quality	0.002631578947368421
GGTyper	1	654	1	Quality	0.002631578947368421
GGTyper	1	656	1	Quality	0.002631578947368421
GGTyper	1	658	1	Quality	0.002631578947368421
GGTyper	1	660	1	Quality	0.002631578947368421
GGTyper	1	662	1	Quality	0.002631578947368421
GGTyper	1	664	1	Quality	0.002631578947368421
GGTyper	1	666	1	Quality	0.002631578947368421
GGTyper	1	668	1	Quality	0.002631578947368421
GGTyper	1	670	1	Quality	0.002631578947368421
GGTyper	1	672	1	Quality	0.002631578947368421
GGTyper	1	674	1	Quality	0.002631578947368421
GGTyper	1	676	1	Quality	0.002631578947368421
GGTyper	1	678	1	Quality	0.002631578947368421
GGTyper	1	680	1	Quality	0.002631578947368421
GGTyper	1	682	1	Quality	0.002631578947368421
GGTyper	1	684	1	Quality	0.002631578947368421
GGTyper	1	686	1	Quality	0.002631578947368421
GGTyper	1	688	1	Quality	0.002631578947368421
GGTyper	1	690	1	Quality	0.002631578947368421
GGTyper	1	692	1	Quality	0.002631578947368421
GGTyper	1	694	1	Quality	0.002631578947368421
GGTyper	1	696	1	Quality	0.002631578947368421
GGTyper	1	698	1	Quality	0.002631578947368421
GGTyper	1	700	1	Quality	0.002631578947368421
GGTyper	1	702	1	Quality	0.002631578947368421
GGTyper	1	704	1	Quality	0.002631578947368421
GGTyper	1	706	1	Quality	0.002631578947368421
GGTyper	1	708	1	Quality	0.002631578947368421
GGTyper	1	710	1	Quality	0.002631578947368421
GGTyper	1	712	1	Quality	0.002631578947368421
GGTyper	1	714	1	Quality	0.002631578947368421
GGTyper	1	716	1	Quality	0.002631578947368421
GGTyper	1	718	1	Quality	0.002631578947368421
GGTyper	1	720	1	Quality	0.002631578947368421
GGTyper	1	722	1	Quality	0.002631578947368421
GGTyper	1	724	1	Quality	0.002631578947368421
GGTyper	1	726	1	Quality	0.002631578947368421
GGTyper	1	728	1	Quality	0.002631578947368421
GGTyper	1	730	1	Quality	0.002631578947368421
GGTyper	1	732	1	Quality	0.002631578947368421
GGTyper	1	734	1	Quality	0.002631578947368421
GGTyper	1	736	1	Quality	0.002631578947368421
GGTyper	1	738	1	Quality	0.002631578947368421
GGTyper	1	740	1	Quality	0.002631578947368421
GGTyper	1	742	1	Quality	0.002631578947368421
GGTyper	1	744	1	Quality	0.002631578947368421
GGTyper	1	746	1	Quality	0.002631578947368421
GGTyper	1	748	1	Quality	0.002631578947368421
GGTyper	1	750	1	Quality	0.002631578947368421
GGTyper	1	752	1	Quality	0.002631578947368421
GGTyper	1	754	1	Quality	0.002631578947368421
GGTyper	1	756	1	Quality	0.002631578947368421
GGTyper	1	758	1	Quality	0.002631578947368421
GGTyper	1	760	1	Quality	0.002631578947368421
GGTyper	1	762	1	Quality	0.002631578947368421
GGTyper	1	764	1	Quality	0.002631578947368421
GGTyper	1	766	1	Quality	0.002631578947368421
GGTyper	1	768	1	Quality	0.002631578947368421
GGTyper	1	770	1	Quality	0.002631578947368421
GGTyper	1	772	1	Quality	0.002631578947368421
GGTyper	1	774	1	Quality	0.002631578947368421
GGTyper	1	776	1	Quality	0.002631578947368421
GGTyper	1	778	1	Quality	0.002631578947368421
GGTyper	1	780	1	Quality	0.002631578947368421
GGTyper	1	782	1	Quality	0.002631578947368421
GGTyper	1	784	1	Quality	0.002631578947368421
GGTyper	1	786	1	Quality	0.002631578947368421
GGTyper	1	788	1	Quality	0.002631578947368421
GGTyper	1	790	1	Quality	0.002631578947368421
GGTyper	1	792	1	Quality	0.002631578947368421
GGTyper	1	794	1	Quality	0.002631578947368421
GGTyper	1	796	1	Quality	0.002631578947368421
GGTyper	1	798	1	Quality	0.002631578947368421
GGTyper	1	800	1	Quality	0.002631578947368421
GGTyper	1	802	1	Quality	0.002631578947368421
GGTyper	1	804	1	Quality	0.002631578947368421
GGTyper	1	806	1	Quality	0.002631578947368421
GGTyper	1	808	1	Quality	0.002631578947368421
GGTyper	1	810	1	Quality	0.002631578947368421
GGTyper	1	812	1	Quality	0.002631578947368421
GGTyper	1	814	1	Quality	0.002631578947368421
GGTyper	1	816	1	Quality	0.002631578947368421
GGTyper	1	818	1	Quality	0.002631578947368421
GGTyper	1	820	1	Quality	0.002631578947368421
GGTyper	1	822	1	Quality	0.002631578947368421
GGTyper	1	824	1	Quality	0.002631578947368421
GGTyper	1	826	1	Quality	0.002631578947368421
GGTyper	1	828	1	Quality	0.002631578947368421
GGTyper	1	830	1	Quality	0.002631578947368421
GGTyper	1	832	1	Quality	0.002631578947368421
GGTyper	1	834	1	Quality	0.002631578947368421
GGTyper	1	836	1	Quality	0.002631578947368421
GGTyper	1	838	1	Quality	0.002631578947368421
GGTyper	1	840	1	Quality	0.002631578947368421
GGTyper	1	842	1	Quality	0.002631578947368421
GGTyper	1	844	1	Quality	0.002631578947368421
GGTyper	1	846	1	Quality	0.002631578947368421
GGTyper	1	848	1	Quality	0.002631578947368421
GGTyper	1	850	1	Quality	0.002631578947368421
GGTyper	1	852	1	Quality	0.002631578947368421
GGTyper	1	854	1	Quality	0.002631578947368421
GGTyper	1	856	1	Quality	0.002631578947368421
GGTyper	1	858	1	Quality	0.002631578947368421
GGTyper	1	860	1	Quality	0.002631578947368421
GGTyper	1	862	1	Quality	0.002631578947368421
GGTyper	1	864	1	Quality	0.002631578947368421
GGTyper	1	866	1	Quality	0.002631578947368421
GGTyper	1	868	1	Quality	0.002631578947368421
GGTyper	1	870	1	Quality	0.002631578947368421
GGTyper	1	872	1	Quality	0.002631578947368421
GGTyper	1	874	1	Quality	0.002631578947368421
GGTyper	1	876	1	Quality	0.002631578947368421
GGTyper	1	878	1	Quality	0.002631578947368421
GGTyper	1	880	1	Quality	0.002631578947368421
GGTyper	1	882	1	Quality	0.002631578947368421
GGTyper	1	884	1	Quality	0.002631578947368421
GGTyper	1	886	1	Quality	0.002631578947368421
GGTyper	1	888	1	Quality	0.002631578947368421
GGTyper	1	890	1	Quality	0.002631578947368421
GGTyper	1	892	1	Quality	0.002631578947368421
GGTyper	1	894	1	Quality	0.002631578947368421
GGTyper	1	896	1	Quality	0.002631578947368421
GGTyper	1	898	1	Quality	0.002631578947368421
GGTyper	1	900	1	Quality	0.002631578947368421
GGTyper	1	902	1	Quality	0.002631578947368421
GGTyper	1	904	1	Quality	0.002631578947368421
GGTyper	1	906	1	Quality	0.002631578947368421
GGTyper	1	908	1	Quality	0.002631578947368421
GGTyper	1	910	1	Quality	0.002631578947368421
GGTyper	1	912	1	Quality	0.002631578947368421
GGTyper	1	914	1	Quality	0.002631578947368421
GGTyper	1	916	1	Quality	0.002631578947368421
GGTyper	1	918	1	Quality	0.002631578947368421
GGTyper	1	920	1	Quality	0.002631578947368421
GGTyper	1	922	1	Quality	0.002631578947368421
GGTyper	1	924	1	Quality	0.002631578947368421
GGTyper	1	926	1	Quality	0.002631578947368421
GGTyper	1	928	1	Quality	0.002631578947368421
GGTyper	1	930	1	Quality	0.002631578947368421
GGTyper	1	932	1	Quality	0.002631578947368421
GGTyper	1	934	1	Quality	0.002631578947368421
GGTyper	1	936	1	Quality	0.002631578947368421
GGTyper	1	938	1	Quality	0.002631578947368421
GGTyper	1	940	1	Quality	0.002631578947368421
GGTyper	1	942	1	Quality	0.002631578947368421
GGTyper	1	944	1	Quality	0.002631578947368421
GGTyper	1	946	1	Quality	0.002631578947368421
GGTyper	1	948	1	Quality	0.002631578947368421
GGTyper	1	950	1	Quality	0.002631578947368421
GGTyper	1	952	1	Quality	0.002631578947368421
GGTyper	1	954	1	Quality	0.002631578947368421
GGTyper	1	956	1	Quality	0.002631578947368421
GGTyper	1	958	1	Quality	0.002631578947368421
GGTyper	1	960	1	Quality	0.002631578947368421
GGTyper	1	962	1	Quality	0.002631578947368421
GGTyper	1	964	1	Quality	0.002631578947368421
GGTyper	1	966	1	Quality	0.002631578947368421
GGTyper	1	968	1	Quality	0.002631578947368421
GGTyper	1	970	1	Quality	0.002631578947368421
GGTyper	1	972	1	Quality	0.002631578947368421
GGTyper	1	974	1	Quality	0.002631578947368421
GGTyper	1	976	1	Quality	0.002631578947368421
GGTyper	1	978	1	Quality	0.002631578947368421
GGTyper	1	980	1	Quality	0.002631578947368421
GGTyper	1	982	1	Quality	0.002631578947368421
GGTyper	1	984	1	Quality	0.002631578947368421
GGTyper	1	986	1	Quality	0.002631578947368421
GGTyper	1	988	1	Quality	0.002631578947368421
GGTyper	1	990	1	Quality	0.002631578947368421
GGTyper	1	992	1	Quality	0.002631578947368421
GGTyper	1	994	1	Quality	0.002631578947368421
GGTyper	1	996	1	Quality	0.002631578947368421
GGTyper	1	998	1	Quality	0.002631578947368421
GGTyper	1	1000	1	Quality	0.002631578947368421
GGTyper	1	1002	1	Quality	0.002631578947368421
GGTyper	1	1004	1	Quality	0.002631578947368421
GGTyper	1	1006	1	Quality	0.002631578947368421
GGTyper	1	1008	1	Quality	0.002631578947368421
GGTyper	1	1010	1	Quality	0.002631578947368421
GGTyper	1	1012	1	Quality	0.002631578947368421
GGTyper	1	1014	1	Quality	0.002631578947368421
GGTyper	1	1016	1	Quality	0.002631578947368421
GGTyper	1	1018	1	Quality	0.002631578947368421
GGTyper	1	1020	1	Quality	0.002631578947368421
GGTyper	1	1022	1	Quality	0.002631578947368421
GGTyper	1	1024	1	Quality	0.002631578947368421
GGTyper	1	1026	1	Quality	0.002631578947368421
GGTyper	1	1028	1	Quality	0.002631578947368421
GGTyper	1	1030	1	Quality	0.002631578947368421
GGTyper	1	1032	1	Quality	0.002631578947368421
GGTyper	1	1034	1	Quality	0.002631578947368421
GGTyper	1	1036	1	Quality	0.002631578947368421
GGTyper	1	1038	1	Quality	0.002631578947368421
GGTyper	1	1040	1	Quality	0.002631578947368421
GGTyper	1	1042	1	Quality	0.002631578947368421
GGTyper	1	1044	1	Quality	0.002631578947368421
GGTyper	1	1046	1	Quality	0.002631578947368421
GGTyper	1	1048	1	Quality	0.002631578947368421
GGTyper	1	1050	1	Quality	0.002631578947368421
GGTyper	1	1052	1	Quality	0.002631578947368421
GGTyper	1	1054	1	Quality	0.002631578947368421
GGTyper	1	1056	1	Quality	0.002631578947368421
GGTyper	1	1058	1	Quality	0.002631578947368421
GGTyper	1	1060	1	Quality	0.002631578947368421
GGTyper	1	1062	1	Quality	0.002631578947368421
GGTyper	1	1064	1	Quality	0.002631578947368421
GGTyper	1	1066	1	Quality	0.002631578947368421
GGTyper	1	1068	1	Quality	0.002631578947368421
GGTyper	1	1070	1	Quality	0.002631578947368421
GGTyper	1	1072	1	Quality	0.002631578947368421
GGTyper	1	1074	1	Quality	0.002631578947368421
GGTyper	1	1076	1	Quality	0.002631578947368421
GGTyper	1	1078	1	Quality	0.002631578947368421
GGTyper	1	1080	1	Quality	0.002631578947368421
GGTyper	1	1082	1	Quality	0.002631578947368421
GGTyper	1	1084	1	Quality	0.002631578947368421
GGTyper	1	1086	1	Quality	0.002631578947368421
GGTyper	1	1088	1	Quality	0.002631578947368421
GGTyper	1	1090	1	Quality	0.002631578947368421
GGTyper	1	1092	1	Quality	0.002631578947368421
GGTyper	1	1094	1	Quality	0.002631578947368421
GGTyper	1	1096	1	Quality	0.002631578947368421
GGTyper	380	0.4969	0.5105263157894737	Certainty	1
GGTyper	379	0.5156	0.5092348284960422	Certainty	0.9973684210526316
GGTyper	378	0.5352	0.5079365079365079	Certainty	0.9947368421052631
GGTyper	377	0.5402	0.5092838196286472	Certainty	0.9921052631578947
GGTyper	376	0.5749	0.5079787234042553	Certainty	0.9894736842105263
GGTyper	375	0.699	0.5066666666666667	Certainty	0.9868421052631579
GGTyper	374	0.7084	0.5053475935828877	Certainty	0.9842105263157894
GGTyper	373	0.7219	0.5067024128686327	Certainty	0.9815789473684211
GGTyper	372	0.7491	0.5053763440860215	Certainty	0.9789473684210527
GGTyper	371	0.8164	0.5040431266846361	Certainty	0.9763157894736842
GGTyper	370	0.8299	0.5054054054054054	Certainty	0.9736842105263158
GGTyper	369	0.8527	0.5040650406504065	Certainty	0.9710526315789474
GGTyper	368	0.8575	0.5027173913043478	Certainty	0.968421052631579
GGTyper	367	0.8697	0.5040871934604905	Certainty	0.9657894736842105
GGTyper	366	0.9162	0.505464480874317	Certainty	0.9631578947368421
GGTyper	365	0.9352	0.5041095890410959	Certainty	0.9605263157894737
GGTyper	364	0.956	0.5054945054945055	Certainty	0.9578947368421052
GGTyper	363	0.9663	0.5041322314049587	Certainty	0.9552631578947368
GGTyper	362	0.973	0.505524861878453	Certainty	0.9526315789473684
GGTyper	361	0.9813	0.5069252077562327	Certainty	0.95
GGTyper	360	0.9835	0.5083333333333333	Certainty	0.9473684210526315
GGTyper	359	0.9872	0.5097493036211699	Certainty	0.9447368421052632
GGTyper	358	0.98740000000000006	0.5083798882681564	Certainty	0.9421052631578948
GGTyper	357	0.9877	0.5070028011204482	Certainty	0.9394736842105263
GGTyper	356	0.9924	0.5084269662921348	Certainty	0.9368421052631579
GGTyper	354	0.9937	0.5112994350282486	Certainty	0.9315789473684211
GGTyper	353	0.9944	0.5127478753541076	Certainty	0.9289473684210526
GGTyper	352	0.995	0.5142045454545454	Certainty	0.9263157894736842
GGTyper	351	0.9956	0.5156695156695157	Certainty	0.9236842105263158
GGTyper	350	0.9958	0.5171428571428571	Certainty	0.9210526315789473
GGTyper	349	0.996	0.5157593123209169	Certainty	0.9184210526315789
GGTyper	348	0.9963	0.5172413793103449	Certainty	0.9157894736842105
GGTyper	346	0.9969	0.5173410404624278	Certainty	0.9105263157894737
GGTyper	345	0.9975	0.518840579710145	Certainty	0.9078947368421053
GGTyper	344	0.998	0.5203488372093024	Certainty	0.9052631578947369
GGTyper	343	0.9981	0.521865889212828	Certainty	0.9026315789473685
GGTyper	342	0.9982	0.5233918128654971	Certainty	0.9
GGTyper	340	0.9983	0.5264705882352941	Certainty	0.8947368421052632
GGTyper	339	0.9984	0.5250737463126843	Certainty	0.8921052631578947
GGTyper	338	0.9986	0.5266272189349113	Certainty	0.8894736842105263
GGTyper	337	0.9987	0.5281899109792285	Certainty	0.8868421052631579
GGTyper	335	0.9989	0.5313432835820896	Certainty	0.881578947368421
GGTyper	334	0.999	0.5329341317365269	Certainty	0.8789473684210526
GGTyper	333	0.9991	0.5315315315315315	Certainty	0.8763157894736842
GGTyper	330	0.9992	0.5303030303030303	Certainty	0.868421052631579
GGTyper	328	0.9993	0.5274390243902439	Certainty	0.8631578947368421
GGTyper	325	0.9994	0.5230769230769231	Certainty	0.8552631578947368
GGTyper	323	0.9995	0.5232198142414861	Certainty	0.85
GGTyper	321	0.9996	0.5202492211838006	Certainty	0.8447368421052631
GGTyper	318	0.9997	0.5220125786163522	Certainty	0.8368421052631579
GGTyper	315	0.9998	0.5206349206349207	Certainty	0.8289473684210527
GGTyper	304	0.9999	0.5197368421052632	Certainty	0.8
GGTyper	286	1	0.534965034965035	Certainty	0.7526315789473684
